uqifllhkqn, siwqjc2pb3, ITALIAN, 69, 1818, 78701
mavlscithc, e9savzeel0, TURKISH, 98, 4774, 209060
xlacanwgpc, h9lutwkaui, TURKISH, 98, 6881, 298883
bkrfrazvih, akz9by769w, ITALIAN, 69, 9630, 409348
lmrmhhowni, lfsfaky6k4, ITALIAN, 69, 4920, 208991
bxwxcitvua, jfgumadsk1, SPANISH, 100, 11552, 496492
sflhrwhwrc, zd3kpoyct2, SPANISH, 100, 24886, 1067124
nedzhseybm, cxq3ufxb5u, GERMAN, 77, 705, 30663
engzmrqdmo, 4k8zqcxcx5, SPANISH, 100, 11783, 509203
sumyeeknmb, l753s4ss3i, ITALIAN, 69, 11953, 509841
yggtmliaww, 17dfh8s0md, ITALIAN, 69, 11207, 476649
wbjdgshtsz, kshrib2lcx, GERMAN, 77, 89, 4073
scfnrtlyiy, lxtq79nmoj, TURKISH, 98, 1830, 79752
bxjqlmfxpw, pbz7lw638h, TURKISH, 98, 16759, 729517
qtfdzvcgpg, x4pwb1nkii, TURKISH, 98, 10908, 474528
wilpfuunon, muqlslmswe, TURKISH, 98, 11866, 515332
zgrhnwmsha, oe2qs60gr6, TURKISH, 98, 1937, 84093
eriheizedc, h5dfos9har, SPANISH, 100, 17494, 752956
rvaaqilojl, vl2wwds12n, GERMAN, 77, 13670, 595100
bkxvvmymrh, upy8kfqovi, SPANISH, 100, 26480, 1135770
dmeedqglyr, sdx7rhlsi4, ITALIAN, 69, 12689, 539912
wghvbdxiyg, sbe9m9zbqt, SPANISH, 100, 26651, 1146476
dpeapthxfy, 7pnw94c18e, TURKISH, 98, 20644, 896358
oeectnfdkd, q9l11umh71, ITALIAN, 69, 7746, 325970
nhkbqkdiik, 9igrthx9rx, GERMAN, 77, 5835, 257087
foywzubmyi, nf9fbpx6pm, SPANISH, 100, 5777, 249973
zouuofxsxe, oth4824rjl, ITALIAN, 69, 11004, 463428
trcxoetrlc, vxa65gf3cz, ITALIAN, 69, 4328, 185735
nqboobllbl, dsrmwy5yel, GERMAN, 77, 527, 23163
iqfidewffq, u5jv6xwg42, SPANISH, 100, 3721, 160131
ahscxlcahi, a4rtm4sunp, SPANISH, 100, 12651, 543501
ngbjcuygdw, l0nz5hw7kd, TURKISH, 98, 9568, 412818
jtcoucqyhq, m9l8z9iz36, TURKISH, 98, 4426, 191994
vvisacahlw, rh7eahf80l, GERMAN, 77, 14035, 614326
udspfhjrwy, p329czl486, ITALIAN, 69, 12814, 544369
ccxgtnopuz, dchogeg16s, ITALIAN, 69, 11527, 489923
uitmywlpbp, 0ltfdcw4gz, TURKISH, 98, 18304, 796304
neszbszeqn, patrjgnc4f, GERMAN, 77, 5741, 251613
slzodnxccl, xxscr81v9t, SPANISH, 100, 17575, 757161
ecpzcmdlok, ybnx5fcuaq, GERMAN, 77, 7485, 329293
akslglxwyy, 0kwtjwjgca, TURKISH, 98, 14089, 612604
vnhlycjnsb, l5ididz10o, TURKISH, 98, 23740, 1033347
ctqopehddw, i6t349xrs4, TURKISH, 98, 28222, 1229029
lshrdpntqq, qs36k4hoo6, TURKISH, 98, 16984, 737895
verodgmfgk, mmtlv4d7g6, SPANISH, 100, 3047, 131037
hbfyblckgr, 8kvfyxzfhb, TURKISH, 98, 8640, 377460
xyhzadssbo, 21ulrohhlt, SPANISH, 100, 8675, 375685
ejsfybzkdc, i1cispkl6p, GERMAN, 77, 10199, 446401
ezxccpgsvw, l9rzz7hs7z, TURKISH, 98, 5422, 234935
catxavcqyt, xf65hk92p4, GERMAN, 77, 9457, 415725
jiteuvzwfw, m94256irly, SPANISH, 100, 4196, 180208
qaikfotgev, shg6v7dfrw, TURKISH, 98, 10605, 458664
jbgtycykyx, tx4fzx8p1p, SPANISH, 100, 2537, 109689
wkjykubytn, qmqfq57c8d, GERMAN, 77, 8782, 384658
wxgbhnmcds, v5fmvsnikz, TURKISH, 98, 20454, 890382
vwrdzwrham, q4a61z2iw6, SPANISH, 100, 10298, 440846
sulteiayor, e3bobgk2jy, GERMAN, 77, 14561, 635290
ifyowpwywh, ijnqszmdbc, ITALIAN, 69, 996, 43018
qgvcwunjmx, hyhb0b7uwx, SPANISH, 100, 20585, 886162
wukobaudzq, 3v3hlt47zl, TURKISH, 98, 3365, 147687
hcidmjetcu, ii967rk1hw, TURKISH, 98, 23755, 1031502
ptxzutyzom, 4nd7l4c3nl, SPANISH, 100, 3448, 149070
zsubhwsfxe, rfn8uziecm, SPANISH, 100, 320, 13795
xutgkudesn, mjj22id0sj, ITALIAN, 69, 8486, 362112
dsvaevtgos, f6m5cr9fj2, GERMAN, 77, 12289, 536618
vbjltwsigc, mh93bninti, ITALIAN, 69, 3698, 157927
fanwhvvfem, afpop6r2kr, SPANISH, 100, 9177, 394349
akidnuknas, 078i5i2kk0, GERMAN, 77, 5158, 225524
sgbrsflmvq, 120pou0e5p, TURKISH, 98, 589, 25377
rdyqiiqqei, 74vfsttf0r, ITALIAN, 69, 9851, 418445
malgcnncbl, 3b56wqecdc, TURKISH, 98, 15148, 656799
ewfddikghj, m2y1i4s7al, ITALIAN, 69, 13228, 564499
dvbjiiqlvc, dbgr5uyj4e, GERMAN, 77, 1353, 59422
ykvdmaqnpb, cc9ceo79an, GERMAN, 77, 10600, 467719
bnivrxypby, 5ipzyh8ahr, SPANISH, 100, 7784, 334357
pdbtewvjrq, c91bdvd9h2, ITALIAN, 69, 11074, 473383
unnsqchyjp, 6mt3owdles, SPANISH, 100, 2866, 124225
wzestoqnlq, 3u2gb9x0iz, ITALIAN, 69, 11137, 474498
jlzvuatsuw, rdgtpk6iro, TURKISH, 98, 8911, 387004
eykfrzajbs, vlzwqaxeld, ITALIAN, 69, 3447, 147103
hnzrlhwcwz, mcgzrpnxxg, GERMAN, 77, 8965, 393676
wcjbwssiam, lxiyvohx0b, SPANISH, 100, 20363, 875056
bkmbacjatg, 4h8dhjf8in, GERMAN, 77, 372, 16089
sofzhtfsiz, k1jsaavd1h, SPANISH, 100, 11281, 484725
jvmohtgkvc, xcf6mwvzy7, GERMAN, 77, 14174, 620828
micjdulrja, exa14lisf7, ITALIAN, 69, 12897, 547007
uvjutjhltt, 0grcivxsk7, SPANISH, 100, 988, 42197
nfalygsmwk, 4m4u93qb6u, GERMAN, 77, 10808, 470224
fxovkpvfhr, g5f03ak77e, ITALIAN, 69, 13580, 578680
uhxuzacywl, p1nu0ajdk1, GERMAN, 77, 12210, 532790
rnppgwhubc, 0u6f4mynqj, GERMAN, 77, 9724, 424332
iqaqbtwccl, a2r36t42wv, TURKISH, 98, 1201, 53318
bywxtxdetx, qd16o15449, SPANISH, 100, 20240, 869012
piqvtmqqhw, 2s36gxtk26, ITALIAN, 69, 34, 1603
fieymzbtaf, 7iak3n7d67, SPANISH, 100, 16597, 712658
oirkyisgst, tszt6afse8, GERMAN, 77, 5432, 239803
puyrjtjlvg, d2wprrvt0u, SPANISH, 100, 23511, 1011132
irjtwhuccd, pyh5pfzhe5, ITALIAN, 69, 5828, 248149
ypxhdotvvu, ncbjv65n2o, TURKISH, 98, 3983, 172156
hcrsmvhurw, d5o1im5a38, TURKISH, 98, 19094, 830863
